
{
    "region" : "us-west-2",
    "configuration" : "Debug",
    "framework"     : "netcoreapp3.1",
    "self-contained" : false,
    "application"    : "TheCoolMovieApp",
    "environment"    : "TheCoolMovieApp-prod",
    "enable-xray"    : false,
    "enhanced-health-type" : "basic",
    "additional-options"   : "\"aws:autoscaling:launchconfiguration,SecurityGroups\"=\"sg-09f583622ea60581a\";\"aws:ec2:vpc,Subnets\"=\"subnet-0c299341a1758420b\"",
    "solution-stack"       : "64bit Amazon Linux 2 v2.2.7 running .NET Core",
    "environment-type"     : "SingleInstance",
    "cname"                : "thecoolmovieapp",
    "instance-type"        : "t2.micro",
    "key-pair"             : "",
    "instance-profile"     : "aws-elasticbeanstalk-ec2-role",
    "service-role"         : "aws-elasticbeanstalk-service-role",
    "proxy-server"         : "nginx"
}